{"cameraMode":{"drawMode":0,"name":"Shaded","section":"Shading Mode"},"sceneLighting":true,"audioPlay":false,"sceneViewState":{"m_AlwaysRefresh":false,"showFog":true,"showSkybox":true,"showFlares":true,"showImageEffects":true,"showParticleSystems":true,"showVisualEffectGraphs":true,"m_FxEnabled":true},"in2DMode":false,"pivot":{"x":1.3394951820373536,"y":0.3742371201515198,"z":2.6965079307556154},"rotation":{"x":0.022410083562135698,"y":-0.08836222440004349,"z":0.0019884626381099226,"w":0.9958350658416748},"size":2.837256669998169,"orthographic":false}